"Title","Rating","Reviews","Phone","Industry","Address","Website","Google Maps Link"
"Persistent Systems Limited","4.5","1,553","712 669 2000","Software company  Gargi-Maitreyi Plot No","8 and 9","http://www.persistent.com/","https://www.google.com/maps/place/Persistent+Systems+Limited/data=!4m7!3m6!1s0x3bd4c075d6bd4685:0xe4e9d4ac53bcd26e!8m2!3d21.1213056!4d79.0477138!16s%2Fg%2F124yfw5xj!19sChIJhUa91nXA1DsRbtK8U6zU6eQ?authuser=0&hl=en&rclk=1"
"Xceller IT Services","4.4","117","093267 4488","Software company 13/1 Diglin Industries IT Park RdClosed ⋅ Opens 9:30 am","093267 44884","http://www.xceller.com/","https://www.google.com/maps/place/Xceller+IT+Services/data=!4m7!3m6!1s0x3bd4c07671017899:0x2cbfd7b43417b86c!8m2!3d21.1208114!4d79.0476501!16s%2Fg%2F11b6bbmd6d!19sChIJmXgBcXbA1DsRbLgXNLTXvyw?authuser=0&hl=en&rclk=1"
"GrowNixt Technologies Pvt. Ltd.","4.9","74","","","","","https://www.google.com/maps/place/GrowNixt+Technologies+Pvt.+Ltd./data=!4m7!3m6!1s0x3bd4c1c0f429746b:0xc1c2e0e67b9b7029!8m2!3d21.1170121!4d79.0466085!16s%2Fg%2F11h00cz6s1!19sChIJa3Qp9MDB1DsRKXCbe-bgwsE?authuser=0&hl=en&rclk=1"
"Callisto IT Solutions - Best Software Development , Web Application Development and Training & IT InternshipCompany","4.5","196","070572 0542","Software company  4 - Shivshakti App Bhagwan Nagar RdClosed ⋅ Opens 9:30 am","070572 05423","http://www.callistoitsolutions.com/","https://www.google.com/maps/place/Callisto+IT+Solutions+-+Best+Software+Development+,+Web+Application+Development+and+Training+%26+IT+InternshipCompany/data=!4m7!3m6!1s0x3bd4bf5c70d1ef2f:0x924dafe09820653c!8m2!3d21.1137538!4d79.0924992!16s%2Fg%2F11cmstcxfw!19sChIJL-_RcFy_1DsRPGUgmOCvTZI?authuser=0&hl=en&rclk=1"
"Alacrity E-Commerce Solutions Pvt. Ltd., Nagpur","4.2","252","712 222 2353","Software company  Infotech Tower ITPark MIDC 104 S Ambazari RdClosed ⋅ Opens 2 pm","0712 222 2353","http://www.alacritysolutions.in/","https://www.google.com/maps/place/Alacrity+E-Commerce+Solutions+Pvt.+Ltd.,+Nagpur/data=!4m7!3m6!1s0x3bd4bf8a24000001:0x858378b9191e25ab!8m2!3d21.1214776!4d79.0488417!16s%2Fg%2F1v5k1gkc!19sChIJAQAAJIq_1DsRqyUeGbl4g4U?authuser=0&hl=en&rclk=1"
"PSK Technologies Pvt. Ltd.","4.6","457","099752 8830","Software company  lower ground floor Fortune Mall Buty Rd near Maharashtra bank near metro stationClosed ⋅ Opens 8 am","099752 88300","https://www.prashantkadhao.com/","https://www.google.com/maps/place/PSK+Technologies+Pvt.+Ltd./data=!4m7!3m6!1s0x3bd4c11d142e6ac9:0xbb23c4288c53121c!8m2!3d21.1407041!4d79.0815594!16s%2Fg%2F11b5wj72bk!19sChIJyWouFB3B1DsRHBJTjCjEI7s?authuser=0&hl=en&rclk=1"
"DIGITRON SOFTWARES AND TECHNOLOGY / Digital marketing /application development/ social media marketing","4.6","289","077092 6657","Software company  c/o 10A Kharbi Rd above SAI ENTERPRIESE beside CANARA ATMOpen","","https://digitronsoftwares.com/","https://www.google.com/maps/place/DIGITRON+SOFTWARES+AND+TECHNOLOGY+%2F+Digital+marketing+%2Fapplication+development%2F+social+media+marketing/data=!4m7!3m6!1s0x3bd4c7d17a003eb1:0x5935cf9713952ca7!8m2!3d21.1261222!4d79.1353013!16s%2Fg%2F11h5l_m9t1!19sChIJsT4AetHH1DsRpyyVE5fPNVk?authuser=0&hl=en&rclk=1"
"SISNOLABS Software solutions","4.8","39","077090 4857","Software company FNO: 102 Manish Mansion behind AJIT BAKERYOpen","","https://sisnolabs.com/","https://www.google.com/maps/place/SISNOLABS+Software+solutions/data=!4m7!3m6!1s0x3bd4bf9d418c94b5:0xef8981e6715b02b0!8m2!3d21.0914111!4d79.076994!16s%2Fg%2F119thh453!19sChIJtZSMQZ2_1DsRsAJbceaBie8?authuser=0&hl=en&rclk=1"
"Royals Webtech","4.6","164","087884 4794","Software company  4th floor A Wing Block No 8 Mangalwari Complex near Government PolytechnicClosed ⋅ Opens 10:30 am","087884 47944","https://www.royalswebtechpvtltd.com/","https://www.google.com/maps/place/Royals+Webtech/data=!4m7!3m6!1s0x3bd4bf7c7d9bda07:0x20aec29a6496f565!8m2!3d21.1650471!4d79.081357!16s%2Fg%2F11ghnydbyc!19sChIJB9qbfXy_1DsRZfWWZJrCriA?authuser=0&hl=en&rclk=1"
"VeerIT Solutions - Web Design, App Development and SEO Services Nagpur","4.0","47","083296 3126","Software company 5th floor Sadoday Complex Near Darodkar Chowk Central Ave above DCB Bank NagpurClosed ⋅ Opens 9 am","083296 31267","https://veerit.com/","https://www.google.com/maps/place/VeerIT+Solutions+-+Web+Design,+App+Development+and+SEO+Services+Nagpur/data=!4m7!3m6!1s0x3bd4c7351fe56d43:0xb4c488268f3e3ab0!8m2!3d21.149453!4d79.1111963!16s%2Fg%2F1tcw__5c!19sChIJQ23lHzXH1DsRsDo-jyaIxLQ?authuser=0&hl=en&rclk=1"
"Cleric Softech Private Limited (Previously it was Cleric Technology Private Limited)","4.8","143","086000 0441","Software company CTPL Second floor above Chandra trading company near Petrol PumpClosed ⋅ Opens 10 am","086000 04416","http://www.clerictechnology.com/","https://www.google.com/maps/place/Cleric+Softech+Private+Limited+%28Previously+it+was+Cleric+Technology+Private+Limited%29/data=!4m7!3m6!1s0x3bd4bf0a02791c2b:0xe79b3e20e49fe45!8m2!3d21.1134472!4d79.0440228!16s%2Fg%2F11j79ryd4_!19sChIJKxx5Agq_1DsRRf5JDuKzeQ4?authuser=0&hl=en&rclk=1"
"SSIT Private Limited","4.6","181","096579 5918","Software company  FCI Housing Society Plot no 9Closed ⋅ Opens 8 am","096579 59184","https://www.ssinfotech.org/","https://www.google.com/maps/place/SSIT+Private+Limited/data=!4m7!3m6!1s0x3bd4bf81ff828be9:0xc6484c697b91de88!8m2!3d21.0974344!4d79.0746605!16s%2Fg%2F11b5pj6tf8!19sChIJ6YuC_4G_1DsRiN6Re2lMSMY?authuser=0&hl=en&rclk=1"
"Kizora Software Private Limited","4.5","71","080804 6675","Software company  Plot No","12 First Floor","https://www.kizora.com/","https://www.google.com/maps/place/Kizora+Software+Private+Limited/data=!4m7!3m6!1s0x3bd4c06f372bdb9f:0x810ffb558026255!8m2!3d21.1361887!4d79.0514435!16s%2Fg%2F1tcx5gnq!19sChIJn9srN2_A1DsRVWICWLX_EAg?authuser=0&hl=en&rclk=1"
"IAMFIRST Digition Solutions Pvt Ltd","4.5","57","077578 5404","Software company Besides Port O Gomez Restaurent 11 Ambazari RdOpen","","http://iamfirst.in/","https://www.google.com/maps/place/IAMFIRST+Digition+Solutions+Pvt+Ltd/data=!4m7!3m6!1s0x3bd4c13a7dc5f35f:0x88c945a2af16062b!8m2!3d21.1314484!4d79.0527461!16s%2Fg%2F11f5ps81y1!19sChIJX_PFfTrB1DsRKwYWr6JFyYg?authuser=0&hl=en&rclk=1"
"Lighthouse Info Systems Pvt. Ltd.","4.5","186","086000 0493","Software company  14/4 IT Park RoadClosed ⋅ Opens 9:30 am","086000 04931","https://www.lighthouseindia.com/","https://www.google.com/maps/place/Lighthouse+Info+Systems+Pvt.+Ltd./data=!4m7!3m6!1s0x3bd4c075dd7fb64b:0xdc298405d2ad9241!8m2!3d21.1203308!4d79.047027!16s%2Fg%2F1vbnmw4b!19sChIJS7Z_3XXA1DsRQZKt0gWEKdw?authuser=0&hl=en&rclk=1"
"CodebergIT (Hiring & Tech Partner)","4.9","48","070306 8777","Software company  31 Khobragade Layout Gajanan Nagar Dighori Naka Umred RdClosed ⋅ Opens 10:30 am","070306 87775","http://codebergit.com/","https://www.google.com/maps/place/CodebergIT+%28Hiring+%26+Tech+Partner%29/data=!4m7!3m6!1s0x3bd4b93e311917b9:0xf6150de3cb0ccf37!8m2!3d21.1060824!4d79.1404949!16s%2Fg%2F11ghpzb2fz!19sChIJuRcZMT651DsRN88My-MNFfY?authuser=0&hl=en&rclk=1"
"PROBUZ TECHNOLOGIES PVT LTD","4.5","110","078750 0667","Software company  205Closed ⋅ Opens 10 am","078750 06677","https://www.probuztech.in/","https://www.google.com/maps/place/PROBUZ+TECHNOLOGIES+PVT+LTD/data=!4m7!3m6!1s0x3bd4bf12e771c019:0xe5884397b38b822e!8m2!3d21.0960494!4d79.0780867!16s%2Fg%2F1pxq7z6d9!19sChIJGcBx5xK_1DsRLoKLs5dDiOU?authuser=0&hl=en&rclk=1"
"Pixel Values Technolabs | Software Company","4.7","52","098223 6779","Software company 35 Swapna Apartment beside Mantri SadanClosed ⋅ Opens 10 am","098223 67795","https://www.pixelvalues.com/","https://www.google.com/maps/place/Pixel+Values+Technolabs+%7C+Software+Company/data=!4m7!3m6!1s0x3bd4c1719a4eae8d:0xc2612732576f334b!8m2!3d21.138222!4d79.0572739!16s%2Fg%2F11hf1_zy7b!19sChIJja5OmnHB1DsRSzNvVzInYcI?authuser=0&hl=en&rclk=1"
"Virtual Galaxy Infotech Ltd.","4.7","94","062626 8686","Software company  Chhatrapati Square Plot No 3 Ring RoadClosed ⋅ Opens 9:30 am","062626 86865","","https://www.google.com/maps/place/Virtual+Galaxy+Infotech+Ltd./data=!4m7!3m6!1s0x3bd4bf6f8a6ec307:0xefb330a3116cb1e3!8m2!3d21.1115927!4d79.0691353!16s%2Fg%2F1tfk7gq1!19sChIJB8Nuim-_1DsR47FsEaMws-8?authuser=0&hl=en&rclk=1"
"Ocean Software Technologies","4.6","55","094236 8585","Software company SH No A-002 Plot No 14Open","","http://www.oceansofttech.net/","https://www.google.com/maps/place/Ocean+Software+Technologies/data=!4m7!3m6!1s0x3bd4b8a174000003:0xa891933da8584330!8m2!3d21.132276!4d79.1306492!16s%2Fg%2F11c1vndt1q!19sChIJAwAAdKG41DsRMENYqD2Tkag?authuser=0&hl=en&rclk=1"
"All Indian IT Services, Nagpur","4.6","21","099229 9526","Software company  Plot No","67 Mukhraji Bhavan","https://www.allindianitservices.com/","https://www.google.com/maps/place/All+Indian+IT+Services,+Nagpur/data=!4m7!3m6!1s0x3bd4c07e4d31ee15:0x6b2d0d757d943a70!8m2!3d21.1256521!4d79.0598957!16s%2Fg%2F11hd4xpb24!19sChIJFe4xTX7A1DsRcDqUfXUNLWs?authuser=0&hl=en&rclk=1"
"Ceinsys Tech Limited","4.0","363","712 224 9358","Software company  IT Park RdClosed ⋅ Opens 9:30 am","0712 224 9358","http://www.ceinsys.com/","https://www.google.com/maps/place/Ceinsys+Tech+Limited/data=!4m7!3m6!1s0x3bd4c076421a27b7:0x61d65c24632ffb4e!8m2!3d21.1209137!4d79.0490707!16s%2Fg%2F1tdkkpbc!19sChIJtycaQnbA1DsRTvsvYyRc1mE?authuser=0&hl=en&rclk=1"
"AliGn Infotech Pvt. Ltd. Nagpur","4.3","39","","Software company 429C+RQJOpen","","","https://www.google.com/maps/place/AliGn+Infotech+Pvt.+Ltd.+Nagpur/data=!4m7!3m6!1s0x3bd4c19483495479:0xbdf0aabd04db1004!8m2!3d21.1195826!4d79.0218985!16s%2Fg%2F11j20dwgsj!19sChIJeVRJg5TB1DsRBBDbBL2q8L0?authuser=0&hl=en&rclk=1"
"Axiom TechGuru Pvt. Ltd.","4.1","240","096239 1006","Software company IT Park Rd Opposite Shree Datta MandirClosed ⋅ Opens 9 am","096239 10069","https://www.axiomtechguru.com/","https://www.google.com/maps/place/Axiom+TechGuru+Pvt.+Ltd./data=!4m7!3m6!1s0x3bd4bf469f911b75:0x75644cb26344efc9!8m2!3d21.115921!4d79.0464593!16s%2Fg%2F11dym2mzvb!19sChIJdRuRn0a_1DsRye9EY7JMZHU?authuser=0&hl=en&rclk=1"
"STOP & THINK InfoConnect Private Limited","4.5","16","095959 3926","Software company STOP & THINK 4/82 near Parivartan Coching ClassesClosed ⋅ Opens 8 am","095959 39264","http://www.stopnthinks.com/","https://www.google.com/maps/place/STOP+%26+THINK+InfoConnect+Private+Limited/data=!4m7!3m6!1s0x3bd4bf55246642cd:0xa1215058f17831f4!8m2!3d21.122472!4d79.111207!16s%2Fg%2F11bwl2z459!19sChIJzUJmJFW_1DsR9DF48VhQIaE?authuser=0&hl=en&rclk=1"
"TechnoBase IT Solutions Pvt Ltd","4.2","80","097620 0033","Software company Junipers-Hemant Building 1st Floor Plot No 2 Juniper Building IT Park S Ambazari RdClosed ⋅ Opens 9:30 am","097620 00333","https://technobase.in/","https://www.google.com/maps/place/TechnoBase+IT+Solutions+Pvt+Ltd/data=!4m7!3m6!1s0x3bd4c061bfffffff:0x37e083b2e5b11c60!8m2!3d21.1217649!4d79.0471787!16s%2Fg%2F1v2kvxgb!19sChIJ____v2HA1DsRYByx5bKD4Dc?authuser=0&hl=en&rclk=1"
"ArenaITech Pvt. Ltd. - Software Company in Nagpur","4.8","11","092262 2345","Software company 302 Medical Store Umashankar Apartment beside DharampethClosed ⋅ Opens 9:30 am","092262 23456","http://www.arenaitech.com/","https://www.google.com/maps/place/ArenaITech+Pvt.+Ltd.+-+Software+Company+in+Nagpur/data=!4m7!3m6!1s0x3bd4c12b52678389:0x64cf0c99d8fd24e4!8m2!3d21.1438809!4d79.0581889!16s%2Fg%2F11g4lg85yp!19sChIJiYNnUivB1DsR5CT92JkMz2Q?authuser=0&hl=en&rclk=1"
"Novatech Software","3.9","68","072198 6733","Software company 103 Infotech Tower S Ambazari Rd IT Park Parsodi Gopal Nagar opp VNITClosed ⋅ Opens 9 am","072198 67337","http://www.novatechsoftware.com/","https://www.google.com/maps/place/Novatech+Software/data=!4m7!3m6!1s0x3bd4c0766739b3d9:0x821fea99c00e1e06!8m2!3d21.1214145!4d79.0485889!16s%2Fg%2F12626dkw5!19sChIJ2bM5Z3bA1DsRBh4OwJnqH4I?authuser=0&hl=en&rclk=1"
"Antsglobe Technologies","3.6","53","097669 1404","Software company 1st Floor 379 opposite Zero Mile Metro StationOpen","","https://www.antsglobe.com/","https://www.google.com/maps/place/Antsglobe+Technologies/data=!4m7!3m6!1s0x3bd4c72ac0000103:0x762db129c74dc4b9!8m2!3d21.1465253!4d79.0815398!16s%2Fg%2F126180lc9!19sChIJAwEAwCrH1DsRucRNxymxLXY?authuser=0&hl=en&rclk=1"
"Nass Technologies - Software Development & IT Training","4.7","80","082372 6691","Software company  Plot No 2 Nass Technologies RdClosed ⋅ Opens 9 am","082372 66913","http://www.nasstechnologies.com/","https://www.google.com/maps/place/Nass+Technologies+-+Software+Development+%26+IT+Training/data=!4m7!3m6!1s0x3bd4c1a76f7bee1f:0xfbec0588a9984717!8m2!3d21.1824921!4d79.0645025!16s%2Fg%2F11b7vvzzkv!19sChIJH-57b6fB1DsRF0eYqYgF7Ps?authuser=0&hl=en&rclk=1"
"Enable IT Solutions Pvt. Ltd.","4.6","32","712 224 2991","Software company 4th Floor Bus Stop Plot No-14 Gayatri Enclave near Pratap NagarClosed ⋅ Opens 9:30 am","0712 224 2991","http://www.enitsol.com/","https://www.google.com/maps/place/Enable+IT+Solutions+Pvt.+Ltd./data=!4m7!3m6!1s0x3bd4bf893de99313:0x33933805f917a021!8m2!3d21.114638!4d79.0566393!16s%2Fg%2F1q6kk3xyj!19sChIJE5PpPYm_1DsRIaAX-QU4kzM?authuser=0&hl=en&rclk=1"
"Centegix IT Solutions Private Limited","4.8","8","070200 1141","Software company Plot no 4 opp Ajith bakeryOpen ⋅ Closes 8:30 am ⋅ Reopens 10:30 am","070200 11419","http://www.centegix.in/","https://www.google.com/maps/place/Centegix+IT+Solutions+Private+Limited/data=!4m7!3m6!1s0x3bd4bf9a68e18169:0xed7d31f34b0c7bed!8m2!3d21.107953!4d79.0565012!16s%2Fg%2F11fhtz2bzl!19sChIJaYHhaJq_1DsR7XsMS_Mxfe0?authuser=0&hl=en&rclk=1"
"Harrier Information Systems Pvt. Ltd.","4.0","106","098600 0161","Software company Shanti PlazaClosed ⋅ Opens 9 am","098600 01615","https://www.harriersys.com/","https://www.google.com/maps/place/Harrier+Information+Systems+Pvt.+Ltd./data=!4m7!3m6!1s0x3bd4bf172b205be7:0xeb2653a9c3f70801!8m2!3d21.0886613!4d79.0813796!16s%2Fg%2F1tk1xhx1!19sChIJ51sgKxe_1DsRAQj3w6lTJus?authuser=0&hl=en&rclk=1"
"Nagpur Soft Tech - Digital Marketing Company","4.9","225","095952 3237","Software company  3rd floor Zal Complex near Nagpur FurnitureClosed ⋅ Opens 11 am","095952 32373","http://www.nagpursofttech.in/","https://www.google.com/maps/place/Nagpur+Soft+Tech+-+Digital+Marketing+Company/data=!4m7!3m6!1s0x3bd4c067315aa03f:0xca854b3a6b1560f8!8m2!3d21.1602963!4d79.0793121!16s%2Fg%2F11f3nm5sf6!19sChIJP6BaMWfA1DsR-GAVazpLhco?authuser=0&hl=en&rclk=1"
"Micropro Software Solutions Limited","3.6","110","712 254 1802","Software company  IT Park RdClosed ⋅ Opens 10 am","0712 254 1802","http://www.microproindia.com/","https://www.google.com/maps/place/Micropro+Software+Solutions+Limited/data=!4m7!3m6!1s0x3bd4c060285ff0f1:0xa2ce1d92ff9239b6!8m2!3d21.1192085!4d79.0471723!16s%2Fg%2F11b5_2xvbl!19sChIJ8fBfKGDA1DsRtjmS_5IdzqI?authuser=0&hl=en&rclk=1"
"Great Place IT Services","4.0","16","","Software company 13/1 IT Park RdOpen","","http://www.greatplaceitservices.com/","https://www.google.com/maps/place/Great+Place+IT+Services/data=!4m7!3m6!1s0x3bd4c07676926ec7:0x97c0ece93b946df1!8m2!3d21.1208011!4d79.0477805!16s%2Fg%2F11d_bgdfxc!19sChIJx26SdnbA1DsR8W2UO-nswJc?authuser=0&hl=en&rclk=1"
"Torana Inc. Nagpur","4.5","43","712 224 9004","Software company  4th Floor Junipers Hemant Building IT Park S Ambazari RdClosed ⋅ Opens 10 am","0712 224 9004","https://icedq.com/?utm_source=google&utm_medium=organic&utm_campaign=mybusiness&utm_content=nagpur-office","https://www.google.com/maps/place/Torana+Inc.+Nagpur/data=!4m7!3m6!1s0x3bd4c1c5f669fdf3:0xb5883c2f8d15cf9!8m2!3d21.1219596!4d79.0473492!16s%2Fg%2F11g4ln5n95!19sChIJ8_1p9sXB1DsR-VzR-MKDWAs?authuser=0&hl=en&rclk=1"
"Habron Information Technology Pvt. Ltd.","4.4","30","093262 6953","Software company Diglin ITPark S Ambazari RdClosed ⋅ Opens 11 am","093262 69535","http://www.habronsoftware.com/","https://www.google.com/maps/place/Habron+Information+Technology+Pvt.+Ltd./data=!4m7!3m6!1s0x3bd4c0bda46ad2cf:0xd3f0bc0852db5e57!8m2!3d21.1207646!4d79.0476883!16s%2Fg%2F1tfnx15v!19sChIJz9JqpL3A1DsRV17bUgi88NM?authuser=0&hl=en&rclk=1"
"iVizion Technology","4.8","41","090945 4654","Software company Surdham Apartments Central Park RdClosed ⋅ Opens 10 am","090945 46546","https://www.iviziontech.com/","https://www.google.com/maps/place/iVizion+Technology/data=!4m7!3m6!1s0x3bd4c08a97615f7f:0x3ea10d27e888ee47!8m2!3d21.1379016!4d79.0808643!16s%2Fg%2F12vt7nvmb!19sChIJf19hl4rA1DsRR-6I6CcNoT4?authuser=0&hl=en&rclk=1"
"Tirtha Infotech","4.6","10","077090 2089","Software company plot no 13 Chandak layoutClosed ⋅ Opens 9 am","077090 20896","","https://www.google.com/maps/place/Tirtha+Infotech/data=!4m7!3m6!1s0x3bd4bf8a40d20805:0xb22b338aa9ea45c8!8m2!3d21.1073675!4d79.0706719!16s%2Fg%2F11fhr07c__!19sChIJBQjSQIq_1DsRyEXqqYozK7I?authuser=0&hl=en&rclk=1"
"riLah Technologies","4.6","10","099600 9890","Software company 87-C/","2 Takli Fider Road Nelson Sq","http://rilah.com/","https://www.google.com/maps/place/riLah+Technologies/data=!4m7!3m6!1s0x3bd4c11b69d7234b:0x5233c3511f7bc5ba!8m2!3d21.1748298!4d79.0772996!16s%2Fg%2F11c52_4f9k!19sChIJSyPXaRvB1DsRusV7H1HDM1I?authuser=0&hl=en&rclk=1"
"ABCO COMPUTERS","4.6","43","063044 7816","Software company  Plot No 47 Corporation House 3379/47 Mankapur Ring RdOpen","","https://abcocomputers.com/","https://www.google.com/maps/place/ABCO+COMPUTERS/data=!4m7!3m6!1s0xbf46f3eb55d56bb:0x9da960259395a125!8m2!3d21.1130258!4d79.0605265!16s%2Fg%2F11shn034lp!19sChIJu1ZdtT5v9AsRJaGVkyVgqZ0?authuser=0&hl=en&rclk=1"
"Alif IT Solutions Pvt Ltd","4.1","33","075072 3155","Software company Block No 15 4th Floor JB Wing Mangalwari Complex Near Sadar Bazaar RoadClosed ⋅ Opens 10 am","075072 31555","http://www.alifitsolutions.com/","https://www.google.com/maps/place/Alif+IT+Solutions+Pvt+Ltd/data=!4m7!3m6!1s0x3bd4c0f8ff829c07:0xbd05a8ac90ff4be1!8m2!3d21.165373!4d79.08165!16s%2Fg%2F12hscb6qj!19sChIJB5yC__jA1DsR4Uv_kKyoBb0?authuser=0&hl=en&rclk=1"
"Techquadra Software Solutions","4.5","27","089995 5724","Software company  Jivan Chhaya Society Plot No 13 1st Floor Ring Road West near Halba Samaj SabhagruhClosed ⋅ Opens 9:30 am","089995 57246","https://www.techquadra.com/","https://www.google.com/maps/place/Techquadra+Software+Solutions/data=!4m7!3m6!1s0x3bd4bf558e7a9f2f:0x3628cf7808231c54!8m2!3d21.1119522!4d79.0465094!16s%2Fg%2F11dym7g32c!19sChIJL596jlW_1DsRVBwjCHjPKDY?authuser=0&hl=en&rclk=1"
"Premier technology group Pvt. Ltd.","4.0","152","712 664 4575","Software company  Ground Floor Wing - A Plot No 21 IT Park RdClosed ⋅ Opens 10 am","0712 664 4575","http://www.nicesoftwaresolutions.com/","https://www.google.com/maps/place/Premier+technology+group+Pvt.+Ltd./data=!4m7!3m6!1s0x3bd4c0c0118ae929:0x3f897c09e341863c!8m2!3d21.120014!4d79.0479401!16s%2Fg%2F11btx3xjp0!19sChIJKemKEcDA1DsRPIZB4wl8iT8?authuser=0&hl=en&rclk=1"
"ICEICO TECHNOLOGIES PVT. LTD.","4.3","106","080070 0428","Software company  Plot No 91Closed ⋅ Opens 10 am","080070 04287","http://iceico.in/","https://www.google.com/maps/place/ICEICO+TECHNOLOGIES+PVT.+LTD./data=!4m7!3m6!1s0x3bd4c74559f93a75:0x98069a3fbc53792b!8m2!3d21.1358195!4d79.116904!16s%2Fg%2F11f15ltd92!19sChIJdTr5WUXH1DsRK3lTvD-aBpg?authuser=0&hl=en&rclk=1"
"Inbase Technologies Private Limited","4.6","34","093734 3027","Software company Infotech Tower Plot no B/001 Gala no","004 S Ambazari Road","https://inbase.in/","https://www.google.com/maps/place/Inbase+Technologies+Private+Limited/data=!4m7!3m6!1s0x3bd4c07676a9531b:0x4b23145e49219978!8m2!3d21.1213669!4d79.048894!16s%2Fg%2F11j8k8gk4y!19sChIJG1OpdnbA1DsReJkhSV4UI0s?authuser=0&hl=en&rclk=1"
"Trust Systems & Software ( I ) Pvt Ltd","4.1","100","712 222 1656","Software company 11/4 IT Park RdClosed ⋅ Opens 9:30 am","0712 222 1656","http://www.softtrust.com/","https://www.google.com/maps/place/Trust+Systems+%26+Software+%28+I+%29+Pvt+Ltd/data=!4m7!3m6!1s0x3bd4bf8a24000001:0x88482bac2663e6a3!8m2!3d21.1207238!4d79.0486901!16s%2Fg%2F1td2sbw3!19sChIJAQAAJIq_1DsRo-ZjJqwrSIg?authuser=0&hl=en&rclk=1"
"Shadbox Infosystem Private Limited(Ruby on Rails company India)","4.9","31","","","","https://shadbox.com/","https://www.google.com/maps/place/Shadbox+Infosystem+Private+Limited%28Ruby+on+Rails+company+India%29/data=!4m7!3m6!1s0x3bd4c113b8110009:0x59cc7a6da49fd469!8m2!3d21.1862862!4d79.0681919!16s%2Fg%2F11srgn7g2m!19sChIJCQARuBPB1DsRadSfpG16zFk?authuser=0&hl=en&rclk=1"
"delaPlex Ltd.","4.2","71","712 257 1640","Software company Near 554/31 Utkarsh Nagar Katol RdClosed ⋅ Opens 10 am","0712 257 1640","http://www.delaplex.com/","https://www.google.com/maps/place/delaPlex+Ltd./data=!4m7!3m6!1s0x3bd4c0e17f9536ab:0xcf2211b3565fcc53!8m2!3d21.175545!4d79.050485!16s%2Fg%2F11_s_6xmp!19sChIJqzaVf-HA1DsRU8xfVrMRIs8?authuser=0&hl=en&rclk=1"
"Limbus Technology Pvt Ltd","4.4","14","093729 8773","Software company Fourth Floor Monarch Tower IT Park RdClosed ⋅ Opens 10 am","093729 87738","","https://www.google.com/maps/place/Limbus+Technology+Pvt+Ltd/data=!4m7!3m6!1s0x3bd4c061c7f93b39:0x5260e49bb5741ee3!8m2!3d21.1163662!4d79.0464243!16s%2Fg%2F11csrrvtdm!19sChIJOTv5x2HA1DsR4x50tZvkYFI?authuser=0&hl=en&rclk=1"
"TechnoVilla IT Services Pvt Ltd","4.2","10","091563 7242","Software company Flat No409 4th Floor Rahul Bazar Complex Hanuman GaliClosed ⋅ Opens 9:30 am","091563 72426","https://www.technovillaservices.com/","https://www.google.com/maps/place/TechnoVilla+IT+Services+Pvt+Ltd/data=!4m7!3m6!1s0x3bd4dd216e125eeb:0x98cdbf9b7eb6b5d2!8m2!3d21.1441951!4d79.0843691!16s%2Fg%2F11lffft32t!19sChIJ614SbiHd1DsR0rW2fpu_zZg?authuser=0&hl=en&rclk=1"
"SRS INFOSYSTEMS PVT LTD","4.4","18","098604 5776","Software company 1432nd Floor Thakre Bhawan 161 Abhyankar Nagar Rd near Tanjore RestaurantClosed ⋅ Opens 10 am","098604 57761","http://www.srs-infosystems.com/","https://www.google.com/maps/place/SRS+INFOSYSTEMS+PVT+LTD/data=!4m7!3m6!1s0x3bd4c07bbaaa0077:0x80dba82f6ed707fc!8m2!3d21.1260626!4d79.0573869!16s%2Fg%2F11b5wk5zmf!19sChIJdwCqunvA1DsR_AfXbi-o24A?authuser=0&hl=en&rclk=1"
"Software Technology Park Nagpur","4.4","17","","","","https://www.artxsoft.tech/","https://www.google.com/maps/place/Software+Technology+Park+Nagpur/data=!4m7!3m6!1s0x3bd4c0e402ed10c9:0x9bd3b244ada00efc!8m2!3d21.1612108!4d79.0815645!16s%2Fg%2F11bbth51x0!19sChIJyRDtAuTA1DsR_A6grUSy05s?authuser=0&hl=en&rclk=1"
"Microtron Technologies Nagpur","4.9","36","","","","","https://www.google.com/maps/place/Microtron+Technologies+Nagpur/data=!4m7!3m6!1s0x3bd4bfc4ba303197:0x570ce044c0857583!8m2!3d21.1107023!4d79.0418026!16s%2Fg%2F11h6ll4ktr!19sChIJlzEwusS_1DsRg3WFwETgDFc?authuser=0&hl=en&rclk=1"
"Urbonsolution : Website Design and Development , Digital Marketing ,IT Services","4.7","10","","Software company Pune Buldi SFS College RdOpen","","https://www.urbonsolution.com/","https://www.google.com/maps/place/Urbonsolution+:+Website+Design+and+Development+,+Digital+Marketing+,IT+Services/data=!4m7!3m6!1s0x3bd4c0fca5ea804d:0x20af4d45f6514ada!8m2!3d21.1408275!4d79.0787034!16s%2Fg%2F11hckl9h2s!19sChIJTYDqpfzA1DsR2kpR9kVNryA?authuser=0&hl=en&rclk=1"
"E SENSE IT","3.7","9","089998 5412","Software company","089998 54121","https://esenseit.com/","https://www.google.com/maps/place/E+SENSE+IT/data=!4m7!3m6!1s0x3bd4c0c7aaaaaaab:0xb35858f49fb172b1!8m2!3d21.1050052!4d79.077407!16s%2Fg%2F11j7h41k35!19sChIJq6qqqsfA1DsRsXKxn_RYWLM?authuser=0&hl=en&rclk=1"
"Prism Software","5.0","1","712 255 3367","Software company 13 Prism Software Limited Software Technology Park Link Road Sadar","0712 255 3367","http://www.prismsoft.in/","https://www.google.com/maps/place/Prism+Software/data=!4m7!3m6!1s0x3bd4c0e46e339597:0xf6ca23555c4d879!8m2!3d21.1613228!4d79.0796142!16s%2Fg%2F11fzbynx65!19sChIJl5UzbuTA1DsRedjEVTWibA8?authuser=0&hl=en&rclk=1"
"Xenocode Technologies Pvt. Ltd.","3.3","57","089997 1211","Software company IMSR Technology NIT complex 148Closed ⋅ Opens 10 am","089997 12118","https://xenocodetech.in/","https://www.google.com/maps/place/Xenocode+Technologies+Pvt.+Ltd./data=!4m7!3m6!1s0x3bd4c075c57e8003:0x467ac8aad6746ec6!8m2!3d21.12444!4d79.1160646!16s%2Fg%2F11c59s7r3y!19sChIJA4B-xXXA1DsRxm501qrIekY?authuser=0&hl=en&rclk=1"
"PraxisLogica IT Solutions Pvt. Ltd.","4.7","9","712 224 6152","Software company ","142 Praxis Logica","https://praxislogica.com/","https://www.google.com/maps/place/PraxisLogica+IT+Solutions+Pvt.+Ltd./data=!4m7!3m6!1s0x3bd4c07dac8cdd2f:0x38524495c210745f!8m2!3d21.1281571!4d79.0618895!16s%2Fg%2F11b70cnn8q!19sChIJL92MrH3A1DsRX3QQwpVEUjg?authuser=0&hl=en&rclk=1"
"Softwebwork","5.0","6","712 228 5350","Software company Saikrupa Apartment Plot no25 Mankapur Ring RdClosed ⋅ Opens 10 am","0712 228 5350","","https://www.google.com/maps/place/Softwebwork/data=!4m7!3m6!1s0x3bd4bf79a969507f:0x80ff35eb86475a7!8m2!3d21.1110229!4d79.0682503!16s%2Fg%2F11b6s2snlt!19sChIJf1BpqXm_1DsRp3VkuF7zDwg?authuser=0&hl=en&rclk=1"
"VcreateTechnologies","4.7","64","098233 8549","Software company Sai Ganga near Bhambani TextileClosed ⋅ Opens 11 am","098233 85499","http://www.vcreatetech.com/","https://www.google.com/maps/place/VcreateTechnologies/data=!4m7!3m6!1s0x3bd4c0a016e947db:0xa8707406821eea5f!8m2!3d21.1241178!4d79.0564499!16s%2Fg%2F1q5bs9fjl!19sChIJ20fpFqDA1DsRX-oeggZ0cKg?authuser=0&hl=en&rclk=1"
"Webornet Pvt ltd, Nagpur","5.0","5","070204 9862","Software company  Gazal Apartment B-24Open","","https://webornet.com/","https://www.google.com/maps/place/Webornet+Pvt+ltd,+Nagpur/data=!4m7!3m6!1s0x3bd4c11d76fea0f9:0xbbd287ef5777d6c5!8m2!3d21.168874!4d79.07843!16s%2Fg%2F11f5d9r6q9!19sChIJ-aD-dh3B1DsRxdZ3V--H0rs?authuser=0&hl=en&rclk=1"
"Gaffis Technologies Pvt. Ltd.","4.6","62","088307 1193","Software company Plot No","11 Shree Nagar","http://gaffis.com/","https://www.google.com/maps/place/Gaffis+Technologies+Pvt.+Ltd./data=!4m7!3m6!1s0x3bd4bf7fea163eb9:0x70e105d6c448e790!8m2!3d21.1157206!4d79.0465984!16s%2Fg%2F11b69c4hmg!19sChIJuT4W6n-_1DsRkOdIxNYF4XA?authuser=0&hl=en&rclk=1"
"PCSSP Infotech","4.5","10","095612 4199","Software company SURESH KUMAR & BROS near Police SquareOpen","","http://www.inventorybillingsoftware.com/","https://www.google.com/maps/place/PCSSP+Infotech/data=!4m7!3m6!1s0x3bd4c0e34a78b893:0x56f75f802f5d26c8!8m2!3d21.1697652!4d79.0862306!16s%2Fg%2F11g_ksm9c!19sChIJk7h4SuPA1DsRyCZdL4Bf91Y?authuser=0&hl=en&rclk=1"
"Inforadient Technologies","4.9","41","","","","https://inforadient.com/","https://www.google.com/maps/place/Inforadient+Technologies/data=!4m7!3m6!1s0x3bd4bfc116f1562f:0xf2c6317f8d88eec4!8m2!3d21.1013687!4d79.1166958!16s%2Fg%2F11rwqtxptg!19sChIJL1bxFsG_1DsRxO6IjX8xxvI?authuser=0&hl=en&rclk=1"
"Konverge AI Private Limited","4.6","47","092841 4524","Software company  First Floor Techfinity Tower IT Park RdClosed ⋅ Opens 10 am","092841 45248","https://konverge.ai/","https://www.google.com/maps/place/Konverge+AI+Private+Limited/data=!4m7!3m6!1s0x3bd4bfef55baff79:0x3605e6028e4865d!8m2!3d21.1203471!4d79.0475392!16s%2Fg%2F11fl_hhk73!19sChIJef-6Ve-_1DsRXYbkKGBeYAM?authuser=0&hl=en&rclk=1"
"Cryptex Technologies","2.7","57","712 295 8915","Software company Plot No","8 Near Vnit College","","https://www.google.com/maps/place/Cryptex+Technologies/data=!4m7!3m6!1s0x3bd4c1fcabc47c55:0x255d56f25a973c68!8m2!3d21.1211294!4d79.0524051!16s%2Fg%2F11bbrm451f!19sChIJVXzEq_zB1DsRaDyXWvJWXSU?authuser=0&hl=en&rclk=1"
"Premier Technology Group Private Limited","4.4","24","","","","","https://www.google.com/maps/place/Premier+Technology+Group+Private+Limited/data=!4m7!3m6!1s0x3bd4bf8a1a2aab0d:0xddf23fd8803036dc!8m2!3d21.1201961!4d79.0480183!16s%2Fg%2F11j8k8ds0d!19sChIJDasqGoq_1DsR3DYwgNg_8t0?authuser=0&hl=en&rclk=1"
"MHglobals Software Company","5.0","49","098902 2309","Software companyClosed ⋅ Opens 10 am","098902 23099","","https://www.google.com/maps/place/MHglobals+Software+Company/data=!4m7!3m6!1s0x3bd495c4a2dbfd87:0xc13ebc8cb671a43c!8m2!3d21.1610858!4d79.0725101!16s%2Fg%2F11j_ph82gx!19sChIJh_3bosSV1DsRPKRxtoy8PsE?authuser=0&hl=en&rclk=1"
"Contiguvenzaa Private Limited","3.8","145","084465 0309","Software company 72 Ekakshara 1st floor near jerryl lawnClosed ⋅ Opens 8 am","084465 03094","http://www.contiguvenzaa.com/","https://www.google.com/maps/place/Contiguvenzaa+Private+Limited/data=!4m7!3m6!1s0x3bd4bf13ddb3cb59:0x83f8e9aa5149875e!8m2!3d21.11874!4d79.0663182!16s%2Fg%2F11f6ycnsqw!19sChIJWcuz3RO_1DsRXodJUarp-IM?authuser=0&hl=en&rclk=1"
"Pragmatyc","4.3","82","097051 0638","Software company  Pragmatyc 202 Rama Niwas Plot 84 Hill RdClosed ⋅ Opens 9 am","097051 06382","http://www.pragmatyc.com/","https://www.google.com/maps/place/Pragmatyc/data=!4m7!3m6!1s0x3bd4bf75258b4619:0x1ee985d7743b7b8b!8m2!3d21.1425242!4d79.0560147!16s%2Fg%2F1v2jbcrb!19sChIJGUaLJXW_1DsRi3s7dNeF6R4?authuser=0&hl=en&rclk=1"
"Sentriqo IT Solutions Pvt Ltd","5.0","1","086683 7025","Software company 29 Rose ColonyClosed ⋅ Opens 9 am","086683 70257","https://sentriqoitsolutions.com/","https://www.google.com/maps/place/Sentriqo+IT+Solutions+Pvt+Ltd/data=!4m7!3m6!1s0x3bd4c132b937f91b:0x657dd3a52db9321c!8m2!3d21.190045!4d79.0649067!16s%2Fg%2F11jfpyhs5r!19sChIJG_k3uTLB1DsRHDK5LaXTfWU?authuser=0&hl=en&rclk=1"
"ASW GROUP","4.6","50","093706 7169","Software company  BLOCK 105WING NO 03 RAJAT SANKULClosed ⋅ Opens 10:30 am","093706 71697","http://www.aswitgroup.in/","https://www.google.com/maps/place/ASW+GROUP/data=!4m7!3m6!1s0x3bd4c0c011f8b8d1:0x2b640c69ab28a9b6!8m2!3d21.137156!4d79.094985!16s%2Fg%2F1xtf00hq!19sChIJ0bj4EcDA1DsRtqkoq2kMZCs?authuser=0&hl=en&rclk=1"
"WEBARIAL PVT. LTD.","5.0","28","788 755 7788","Software company Uday Nagar Rd opposite Hanuman MandirClosed ⋅ Opens 10 am","0788 755 7788","https://www.webarial.com/","https://www.google.com/maps/place/WEBARIAL+PVT.+LTD./data=!4m7!3m6!1s0x3bd4b92b125f88e1:0xbcf9c712be94eac4!8m2!3d21.1039964!4d79.1118309!16s%2Fg%2F11tdqb0yv4!19sChIJ4YhfEiu51DsRxOqUvhLH-bw?authuser=0&hl=en&rclk=1"
"Company Nagpur","5.0","2","080875 2220","Software company 42JX+V5CClosed ⋅ Opens 10:30 am","080875 22200","http://allegiant.org.in/","https://www.google.com/maps/place/Company+Nagpur/data=!4m7!3m6!1s0x3bd4c06e73540487:0x2b416e6f09176c8a!8m2!3d21.1321968!4d79.0478869!16s%2Fg%2F12vtn840t!19sChIJhwRUc27A1DsRimwXCW9uQSs?authuser=0&hl=en&rclk=1"
"Goyal Brothers & Company","4.4","21","098230 7417","Software company  Shop No 168 RAJAT SANKUL Opp ST Stand Near Hotel Rahul Deluxe GANESHPETHClosed ⋅ Opens 10 am","098230 74179","http://goyalonline.com/","https://www.google.com/maps/place/Goyal+Brothers+%26+Company/data=!4m7!3m6!1s0x3bd4c0bbb6d1f699:0xcab723cdd468d710!8m2!3d21.1373777!4d79.0941242!16s%2Fg%2F11b5vrx91n!19sChIJmfbRtrvA1DsRENdo1M0jt8o?authuser=0&hl=en&rclk=1"
"Webakruti","4.7","33","","","","https://www.webakruti.com/","https://www.google.com/maps/place/Webakruti/data=!4m7!3m6!1s0x3bd4c07900bc2f59:0xd911254f7ff8a237!8m2!3d21.1328876!4d79.0621947!16s%2Fg%2F11bv3mtkg1!19sChIJWS-8AHnA1DsRN6L4f08lEdk?authuser=0&hl=en&rclk=1"
"MLM software Nagpur","4.8","20","093256 6718","Software company Flat no 105 Wing-1 Rajat Sankul Opposite Main Bus stopOpen","","http://www.mlmsoft4u.com/","https://www.google.com/maps/place/MLM+software+Nagpur/data=!4m7!3m6!1s0x3bd4c0bba56c43c3:0xc88fab7df62dc8b9!8m2!3d21.1374586!4d79.0952529!16s%2Fg%2F11g6mypxj9!19sChIJw0NspbvA1DsRucgt9n2rj8g?authuser=0&hl=en&rclk=1"
"Alive Tech Services","3.7","153","092255 8758","Software company plot no 12 Ground floorClosed ⋅ Opens 9:30 am","092255 87587","","https://www.google.com/maps/place/Alive+Tech+Services/data=!4m7!3m6!1s0x3bd4c075cfe333d3:0xa744b7ab0089ca48!8m2!3d21.1181031!4d79.0469776!16s%2Fg%2F11b81sctkk!19sChIJ0zPjz3XA1DsRSMqJAKu3RKc?authuser=0&hl=en&rclk=1"
"MRR SOFT","4.1","177","092722 0200","Software company  Ground Floor Plot No2 Junipers-Hemant Building IT Park RoadClosed ⋅ Opens 9:30 am","092722 02006","","https://www.google.com/maps/place/MRR+SOFT/data=!4m7!3m6!1s0x3bd4be3deb342d15:0x5ab3e3025d0ec635!8m2!3d21.1218552!4d79.0471091!16s%2Fg%2F11b7gsq95b!19sChIJFS006z2-1DsRNcYOXQLjs1o?authuser=0&hl=en&rclk=1"
"Ascent Infotech","4.6","8","712 222 2732","Software company 22 IT Park South Ambazari Road Nagpur-","440022 INDIA","","https://www.google.com/maps/place/Ascent+Infotech/data=!4m7!3m6!1s0x3bd4c0760548da7f:0x942bd2df87ffbacb!8m2!3d21.1194802!4d79.0481603!16s%2Fg%2F11gb3s6qjh!19sChIJf9pIBXbA1DsRy7r_h9_SK5Q?authuser=0&hl=en&rclk=1"
"Brainz1 Techub","4.4","72","070353 3557","","1 Techub 4","http://www.brainz1.com/","https://www.google.com/maps/place/Brainz1+Techub/data=!4m7!3m6!1s0x3bd4bfbc2a47486f:0x4f52b5a9661c551e!8m2!3d21.1183174!4d79.0467299!16s%2Fg%2F11hzwh3xsk!19sChIJb0hHKry_1DsRHlUcZqm1Uk8?authuser=0&hl=en&rclk=1"
"Infosai Software company","4.1","14","098604 3058","Software company 3rd floor plot no 24 Nagmandir RdClosed ⋅ Opens 9 am","098604 30582","http://erpinfosaisoftware.com/","https://www.google.com/maps/place/Infosai+Software+company/data=!4m7!3m6!1s0x3bd4c0ad6809fb33:0x112f7da7303d0473!8m2!3d21.1113054!4d79.0452558!16s%2Fg%2F11gb41273q!19sChIJM_sJaK3A1DsRcwQ9MKd9LxE?authuser=0&hl=en&rclk=1"
"Masycoda Solutions Private Limited","4.9","14","","Software company 2nd floor Plot 1 Wardha Rd above Union BankOpen","","https://masycoda.com/","https://www.google.com/maps/place/Masycoda+Solutions+Private+Limited/data=!4m7!3m6!1s0x3bd4bf8965e1a7b7:0x26fe635c1eb99bb7!8m2!3d21.1075572!4d79.068855!16s%2Fg%2F11qh2j9432!19sChIJt6fhZYm_1DsRt5u5Hlxj_iY?authuser=0&hl=en&rclk=1"
"ProCohat Technologies Pvt. Ltd.","4.3","31","092843 8458","Software company  46 near Arjuna CelebrationsClosed ⋅ Opens 10:30 am","092843 84585","https://procohat.com/","https://www.google.com/maps/place/ProCohat+Technologies+Pvt.+Ltd./data=!4m7!3m6!1s0x3bd4bf1d44b971bb:0xaf3f5fb1ec5c7ea4!8m2!3d21.1107721!4d79.0628383!16s%2Fg%2F11f0whd9qm!19sChIJu3G5RB2_1DsRpH5c7LFfP68?authuser=0&hl=en&rclk=1"
"Infimetrics Info Solutions Pvt. Ltd.","4.0","28","","","","https://infimetrics.com/","https://www.google.com/maps/place/Infimetrics+Info+Solutions+Pvt.+Ltd./data=!4m7!3m6!1s0x3bd4c066aaaaaaab:0x35a04203538cba67!8m2!3d21.1150499!4d79.0459555!16s%2Fg%2F11c485v_mz!19sChIJq6qqqmbA1DsRZ7qMUwNCoDU?authuser=0&hl=en&rclk=1"
"XL IT WORKS","3.8","6","091686 8249","Software company Plot No23 Ground Floor opposite Adhyapak Garden near Hingna T-PointClosed ⋅ Opens 9 am","091686 82498","http://www.xlitworks.in/","https://www.google.com/maps/place/XL+IT+WORKS/data=!4m7!3m6!1s0x3bd4c00846cc8d59:0x5f373e63adc2114d!8m2!3d21.1195608!4d79.0324063!16s%2Fg%2F11bwympkbp!19sChIJWY3MRgjA1DsRTRHCrWM-N18?authuser=0&hl=en&rclk=1"
"Promarc Software Pvt Ltd","1.4","115","712 655 5595","Software company 268 " Sukh Niwas" Central Bazar Road Ramdaspeth","0712 655 5595","","https://www.google.com/maps/place/Promarc+Software+Pvt+Ltd/data=!4m7!3m6!1s0x3bd4c08f00000001:0xbe461d3e43564c2b!8m2!3d21.1326299!4d79.0703572!16s%2Fg%2F1tq6hjlj!19sChIJAQAAAI_A1DsRK0xWQz4dRr4?authuser=0&hl=en&rclk=1"
"WorkiFicient Technologies Pvt Ltd","4.4","18","","","","http://www.workificient.com/","https://www.google.com/maps/place/WorkiFicient+Technologies+Pvt+Ltd/data=!4m7!3m6!1s0x3bd4bf26446abd7f:0x61ece7bd89b0caae!8m2!3d21.116736!4d79.0465669!16s%2Fg%2F11t0ndfl9m!19sChIJf71qRCa_1DsRrsqwib3n7GE?authuser=0&hl=en&rclk=1"
"Youco Tech","5.0","8","","Software company Nalini","8 flat 103","","https://www.google.com/maps/place/Youco+Tech/data=!4m7!3m6!1s0x3bd4c1bb01bfcc63:0xddf281d958e28620!8m2!3d21.183548!4d79.0555116!16s%2Fg%2F11fmvkm3zg!19sChIJY8y_AbvB1DsRIIbiWNmB8t0?authuser=0&hl=en&rclk=1"
"TrickySys","4.9","15","084462 9292","Software company  Flat No409 4th Floor RAHUL BAZAR COMPLEX Hanuman GaliClosed ⋅ Opens 10 am","084462 92927","https://trickysys.com/","https://www.google.com/maps/place/TrickySys/data=!4m7!3m6!1s0x3bd4bf84b7da84b7:0x1c4598a2902622ef!8m2!3d21.1428912!4d79.0846405!16s%2Fg%2F11rf6nk_5b!19sChIJt4Tat4S_1DsR7yImkKKYRRw?authuser=0&hl=en&rclk=1"
"Tristar Software Solutions","3.9","15","099708 5445","Software company D","3 scientific society","http://tristarsoftwares.com/","https://www.google.com/maps/place/Tristar+Software+Solutions/data=!4m7!3m6!1s0x3bd4c08f00000001:0xb15db1771f53dfab!8m2!3d21.1250229!4d79.0676417!16s%2Fg%2F1td_x19l!19sChIJAQAAAI_A1DsRq99TH3exXbE?authuser=0&hl=en&rclk=1"
"OSC Professionals (Nagpur Soft Embedded Technology Pvt. Ltd.)","4.5","40","092252 3707","Software company 34 Mantri House 34 Cement RdClosed ⋅ Opens 9 am","092252 37076","http://www.oscprofessionals.com/","https://www.google.com/maps/place/OSC+Professionals+%28Nagpur+Soft+Embedded+Technology+Pvt.+Ltd.%29/data=!4m7!3m6!1s0x3bd4c066b045246f:0x4d4c6226df7a096b!8m2!3d21.1382748!4d79.0573411!16s%2Fg%2F1v3dql4l!19sChIJbyRFsGbA1DsRawl63yZiTE0?authuser=0&hl=en&rclk=1"
"Dhandhania Infotech","4.1","537","712 668 3404","Software company  Agrasen Rd Opposite RTO In Front of Adivasi Vikas BhavanClosed ⋅ Opens 10 am","0712 668 3404","http://dhaninfo.com/","https://www.google.com/maps/place/Dhandhania+Infotech/data=!4m7!3m6!1s0x3bd4c0f44adf93b9:0xfa2bf7e82a33bbf!8m2!3d21.1458442!4d79.0651632!16s%2Fg%2F1v2yxb49!19sChIJuZPfSvTA1DsRvzujgn6_og8?authuser=0&hl=en&rclk=1"
"SalveSoft","4.6","13","747 333 8390","Software company Plot No 3 Nehru Nagar NearClosed ⋅ Opens 9 am","0747 333 8390","http://salvesoft.com/","https://www.google.com/maps/place/SalveSoft/data=!4m7!3m6!1s0x3bd4bf9cac51d1a9:0x66bca2b366aa5f4d!8m2!3d21.1177592!4d79.0677727!16s%2Fg%2F11f9j8vvqj!19sChIJqdFRrJy_1DsRTV-qZrOivGY?authuser=0&hl=en&rclk=1"
"Fort Infotech","3.1","8","097633 6468","Software companyClosed ⋅ Opens 9 am","097633 64685","http://www.fortinfotech.net/","https://www.google.com/maps/place/Fort+Infotech/data=!4m7!3m6!1s0x3bd4c043ffe85bf1:0x30fd51367c4d6f1a!8m2!3d21.116111!4d79.037682!16s%2Fg%2F1tkb3kt8!19sChIJ8Vvo_0PA1DsRGm9NfDZR_TA?authuser=0&hl=en&rclk=1"
"Software Technology Parks of India","4.4","14","712 222 7774","Software company  Plot No 3 IT Park South Ambazari Road Subhash Nagar Trimurti NagarClosed ⋅ Opens 9 am","0712 222 7774","","https://www.google.com/maps/place/Software+Technology+Parks+of+India/data=!4m7!3m6!1s0x3bd4c0767e0943bf:0x6c25be7316b125f5!8m2!3d21.1217687!4d79.0479806!16s%2Fg%2F1hf3r695_!19sChIJv0MJfnbA1DsR9SWxFnO-JWw?authuser=0&hl=en&rclk=1"
"Whiz Softwares and Business Solutions","3.7","3","089833 0006","Software company 125 Nelco Society Main RdOpen","","http://whizsoftwares.com/","https://www.google.com/maps/place/Whiz+Softwares+and+Business+Solutions/data=!4m7!3m6!1s0x3bd4bf8aadaa6f27:0x7f20f452e0340c0a!8m2!3d21.1201772!4d79.0421224!16s%2Fg%2F11fy4p685x!19sChIJJ2-qrYq_1DsRCgw04FL0IH8?authuser=0&hl=en&rclk=1"
"ALKURN TECHNOLOGIES Pvt. Ltd.","3.6","34","","","","https://www.alkurn.dev/","https://www.google.com/maps/place/ALKURN+TECHNOLOGIES+Pvt.+Ltd./data=!4m7!3m6!1s0x3bd4c0e4f0b6e6fb:0x69c0189ceaeb155c!8m2!3d21.1652685!4d79.0815024!16s%2Fg%2F11bycfkgd9!19sChIJ--a28OTA1DsRXBXr6pwYwGk?authuser=0&hl=en&rclk=1"
"Primine Software Private Limited","4.8","4","712 357 3414","Software company 201 Atharva Apartment Besa - Manish Nagar RdOpen","","http://www.priminesoftware.com/","https://www.google.com/maps/place/Primine+Software+Private+Limited/data=!4m7!3m6!1s0x3bd4bf612dab6083:0x6c063395ba910199!8m2!3d21.0909646!4d79.076747!16s%2Fg%2F11hzvvbcr9!19sChIJg2CrLWG_1DsRmQGRupUzBmw?authuser=0&hl=en&rclk=1"
"Teztecch - Best IT, BRANDING AND ADVERTISING COMPANY","4.5","73","089566 1079","Software company Plot 1/A/K beside Gajanan Primary SchoolClosed ⋅ Opens 8 am","089566 10799","https://www.teztecch.com/","https://www.google.com/maps/place/Teztecch+-+Best+IT,+BRANDING+AND+ADVERTISING+COMPANY/data=!4m7!3m6!1s0x3bd4b908230f28d1:0xc12939798839c2e7!8m2!3d21.1140595!4d79.1130192!16s%2Fg%2F11k2wdbm7_!19sChIJ0SgPIwi51DsR58I5iHk5KcE?authuser=0&hl=en&rclk=1"
"Techior Solutions Pvt Ltd","3.9","28","097666 1643","Software company  T-Point Godavari Complex Hingna RdClosed ⋅ Opens 10 am","097666 16435","http://www.techior.com/","https://www.google.com/maps/place/Techior+Solutions+Pvt+Ltd/data=!4m7!3m6!1s0x3bd4c00647e95ab5:0x89fdae7f221616d5!8m2!3d21.1216726!4d79.0294251!16s%2Fg%2F1ty72r0c!19sChIJtVrpRwbA1DsR1RYWIn-u_Yk?authuser=0&hl=en&rclk=1"
"Infosynch Software Solution","5.0","13","","","","http://infosynch.in/","https://www.google.com/maps/place/Infosynch+Software+Solution/data=!4m7!3m6!1s0x3bd4c7e193e32a65:0xf95e59eada31f502!8m2!3d21.1273255!4d79.1302205!16s%2Fg%2F11w7j5zbd4!19sChIJZSrjk-HH1DsRAvUx2upZXvk?authuser=0&hl=en&rclk=1"
"Web Stack Technologies","4.3","33","095522 4113","Software company Plot No 48 1st Floor Swapnsawali Apartment Wardha RdClosed ⋅ Opens 9:30 am","095522 41133","https://www.webstacktechno.com/","https://www.google.com/maps/place/Web+Stack+Technologies/data=!4m7!3m6!1s0x3bd4c07789693c0f:0x2b8a22e1d06a851d!8m2!3d21.0944969!4d79.0676185!16s%2Fg%2F11fy2pbclj!19sChIJDzxpiXfA1DsRHYVq0OEiiis?authuser=0&hl=en&rclk=1"
"Wisbotech Communications","4.7","30","091308 8891","Software company","10 A","https://wisbotech.com/","https://www.google.com/maps/place/Wisbotech+Communications/data=!4m7!3m6!1s0x3bd4bf9144cba6d9:0x7327854da4ba906e!8m2!3d21.1140654!4d79.0346445!16s%2Fg%2F11f9xb4xm6!19sChIJ2abLRJG_1DsRbpC6pE2FJ3M?authuser=0&hl=en&rclk=1"
"FountainHead Technologies","3.9","7","712 223 2949","Software company Flat No 13 Sarju Gopi Apartment 182 Mankapur Ring RdClosed ⋅ Opens 10 am","0712 223 2949","","https://www.google.com/maps/place/FountainHead+Technologies/data=!4m7!3m6!1s0x3bd4bff697860789:0xd81cbb4475071971!8m2!3d21.1159148!4d79.0388934!16s%2Fg%2F1tkc5449!19sChIJiQeGl_a_1DsRcRkHdUS7HNg?authuser=0&hl=en&rclk=1"
"Infodreamz Technologies Nagpur Private Limited","5.0","8","077988 0088","Software company 127/A Ground Floor Anisha MansionClosed ⋅ Opens 10 am","077988 00886","http://www.infodreamz.com/","https://www.google.com/maps/place/Infodreamz+Technologies+Nagpur+Private+Limited/data=!4m7!3m6!1s0x3bd4bfd834a5ed65:0x9aa733ba0987890a!8m2!3d21.1054079!4d79.064263!16s%2Fg%2F11n06n2btp!19sChIJZe2lNNi_1DsRComHCbozp5o?authuser=0&hl=en&rclk=1"
"Heoweb Solutions","4.7","54","098340 0642","Software company  212 1st Floor Ring Rd Chhatrapati square near Kalpavruksha HospitalClosed ⋅ Opens 9 am","098340 06423","https://heoweb.com/","https://www.google.com/maps/place/Heoweb+Solutions/data=!4m7!3m6!1s0x3bd4bf0f9c2dc9ff:0x83b27638bf58ad37!8m2!3d21.110822!4d79.0734731!16s%2Fg%2F11h1m4p24w!19sChIJ_8ktnA-_1DsRN61Yvzh2soM?authuser=0&hl=en&rclk=1"
"delaPlex Limited","3.9","74","","Software company Hazari Pahad 4A Mankapur Ring Rd near Center Point School TurningClosed ⋅ Opens 10 am","040 4876 3334","http://www.delaplex.com/","https://www.google.com/maps/place/delaPlex+Limited/data=!4m7!3m6!1s0x3bd4c1d103b382f3:0xc7ece726e62360c2!8m2!3d21.173389!4d79.0275838!16s%2Fg%2F11bw1ymjnw!19sChIJ84KzA9HB1DsRwmAj5ibn7Mc?authuser=0&hl=en&rclk=1"
"Fendahl International - Development Centre","4.8","33","","Software company  401 "Techfinity Tower" 4th Floor IT Park RdClosed ⋅ Opens 10 am +","44 20 3503 0580","https://www.fendahl.com/","https://www.google.com/maps/place/Fendahl+International+-+Development+Centre/data=!4m7!3m6!1s0x3bd4c1421d56725b:0x4b32347531bd0431!8m2!3d21.1203845!4d79.0475372!16s%2Fg%2F11h_vtbjtk!19sChIJW3JWHULB1DsRMQS9MXU0Mks?authuser=0&hl=en&rclk=1"
"Techmaxsoft | Software Solution","4.5","8","712 275 0465","Software company 30Closed ⋅ Opens 10 am","0712 275 0465","http://techmaxsoft.com/","https://www.google.com/maps/place/Techmaxsoft+%7C+Software+Solution/data=!4m7!3m6!1s0x3bd4b9d923c6a675:0x1234f0cb5c285f3d!8m2!3d21.1199712!4d79.1126978!16s%2Fg%2F11h4zpx2qk!19sChIJdabGI9m51DsRPV8oXMvwNBI?authuser=0&hl=en&rclk=1"
"Attrait Solutions","4.3","53","712 259 3260","Software company  Block No 302 AJ Nelson Pride Nelson Square beside Niramala Super MarketClosed ⋅ Opens 9 am","0712 259 3260","https://www.attraitsolutions.com/","https://www.google.com/maps/place/Attrait+Solutions/data=!4m7!3m6!1s0x3bd4c11b619af863:0xdd068ae6b7c37cbf!8m2!3d21.1748115!4d79.0793641!16s%2Fg%2F1vg6s5tv!19sChIJY_iaYRvB1DsRv3zDt-aKBt0?authuser=0&hl=en&rclk=1"
"TOPS Technologies","4.2","117","092252 3212","Software company 50Closed ⋅ Opens 8 am","092252 32123","https://www.tops-int.com/it-training-nagpur","https://www.google.com/maps/place/TOPS+Technologies/data=!4m7!3m6!1s0x3bd4bf8b407bfcdd:0x7a9f00c32d964e21!8m2!3d21.108875!4d79.0409952!16s%2Fg%2F1jkybm0pw!19sChIJ3fx7QIu_1DsRIU6WLcMAn3o?authuser=0&hl=en&rclk=1"
"IT Educations and Project Development","5.0","140","096653 0257","Software company  Police Nagar CRPF RdClosed ⋅ Opens 10 am","096653 02573","https://iteducations.in/","https://www.google.com/maps/place/IT+Educations+and+Project+Development/data=!4m7!3m6!1s0x3bd4955319c6db5f:0xe989eff582f755a!8m2!3d21.1094584!4d79.0015908!16s%2Fg%2F11cfh9f7v!19sChIJX9vGGVOV1DsRWnUvWP-emA4?authuser=0&hl=en&rclk=1"
"Zeta Softech Pvt Ltd","","","097172 1611","","097172 16115","https://www.zetasoftech.com/","https://www.google.com/maps/place/Zeta+Softech+Pvt+Ltd/data=!4m7!3m6!1s0x3bd4c06ff7a230d9:0x4af855047c3f9835!8m2!3d21.131634!4d79.0531771!16s%2Fg%2F11h7rr3qkk!19sChIJ2TCi92_A1DsRNZg_fARV-Eo?authuser=0&hl=en&rclk=1"
"Piexxi Technology LLP","3.8","6","086000 1031","Software company Flat No 401 Venu Enclave Tata Square Manewada - Besa RdClosed ⋅ Opens 10 am","086000 10310","https://www.piexxi.in/","https://www.google.com/maps/place/Piexxi+Technology+LLP/data=!4m7!3m6!1s0x3bd4b8ac4e83b0c7:0x41102283d68a2d49!8m2!3d21.1002898!4d79.1017614!16s%2Fg%2F11c6m3lqng!19sChIJx7CDTqy41DsRSS2K1oMiEEE?authuser=0&hl=en&rclk=1"
"Propila IT Services","4.4","14","086001 4121","Software company Plot No 197 PKV Society Dabha RdClosed ⋅ Opens 9 am","086001 41210","http://propila.com/","https://www.google.com/maps/place/Propila+IT+Services/data=!4m7!3m6!1s0x3bd4c0dfdc24302b:0x71f38efcab2b208c!8m2!3d21.1592753!4d79.0118438!16s%2Fg%2F11c1xq7kg8!19sChIJKzAk3N_A1DsRjCArq_yO83E?authuser=0&hl=en&rclk=1"
"Innovate Technology","5.0","1","096898 3481","Software company Indira Nagar No:","3 Behind T","","https://www.google.com/maps/place/Innovate+Technology/data=!4m7!3m6!1s0x3bd4c1d101b81141:0x4497535c9d3ba4c5!8m2!3d21.1282879!4d79.0875336!16s%2Fg%2F11j2f_rpwf!19sChIJQRG4AdHB1DsRxaQ7nVxTl0Q?authuser=0&hl=en&rclk=1"
"Actics Technologies","4.1","14","082379 4730","Software company 88-B near Padole MedicalClosed ⋅ Opens 10 am","082379 47303","https://acticstechnologies.com/","https://www.google.com/maps/place/Actics+Technologies/data=!4m7!3m6!1s0x3bd4bf8ef3fa3165:0xe3ff8b37703002c8!8m2!3d21.116177!4d79.1026725!16s%2Fg%2F11pkddxgtx!19sChIJZTH6846_1DsRyAIwcDeL_-M?authuser=0&hl=en&rclk=1"